03AD3189E14F410CA975AA2BB4B6073E,壁营劈扔撮第暂防镊茧,128,0
0D6CB612A41647BDBB5A732200B17827,淋舒暂瀑嘎珊陡筒锯鸭,178,0
11ED25EEF771480FA333B6D69568999D,茹开翁筒督慎奉畏荒距,125,0
14523BF3D57E43FDBB8170E8361F9476,痪侨弱绣镰温川膛扮酵,126,0
16AC046E890C499DACDFA6A74DFEAFC5,质私僚绅澈狰贪缝磺加,171,0
16B337E6A98940218BE4E4BA6BCED759,碉袄洽扶孝勃豫立吴飘,161,0
1AB6E3A067B04F69A281FFB2741A8483,哥誓钩稼垫鸿躇霞倡异,143,0
1B529C38292E46C7AB447DCED80963F9,碗瓦瞄诉逢闽细绕嘉沃,144,0
1E67FE762803462A958F3A37598B3B06,囱寐横煎瑰侮匝漾劳导,121,0
2066924A0FD347AF872675FA915744B7,俊署悬房缩妈努名涎曙,125,0
255763A48A9B4B99941F9F8485A83EBE,锅劲爵俯值扮麓涂容许,114,0
25619B5760E9457388A7EAE355C20A10,灌烹茶简侣狈汤列灸筏,116,0
2A0133E43A56444AB3F298D31DE0110E,抗腊讯寻渣刻瓤诚本祥,110,0
2B23EF8A84014492937BBC61FC0B0BFF,设适锈辟庸亿块炒些撬,175,0
2B67B9DD87074B059A585D07153D9AAE,生摇癣滥炉桨壬婉纽啤,171,0
2BC97E46E21B46CCB33FE4A3AC90F66B,宏划选柬效笼买碌而逃,103,0
2C10C11645424BE7B84B608F8366BAC0,湾甜嘿杭棍弄需揖荧犊,119,0
3049DE9B828E46328DFE5897B6526EB3,沿赠买树轻夕夯掣窜旁,199,0
3073165DEEC845B9B781E165DC6D87F7,捂挂佣堆痕男踢栋馈查,165,0
3075F2DC54374BD2A81F4672EDEDF6CF,寥融钎曳思汾砍姚寨握,102,0
30E0FF407C66448C9153DCF3BEE4AEA2,蚕谨镣恢辜眉室饵馈伤,124,0
30FA6E0B26584EADB292E00DFF861DD1,肥孵恫芭咯全蚌赁液小,150,0
31FD27BFD62C420787EFADB4DA0E03C7,描就岁量击凌澜绞盲少,164,0
3701FAD4A79C4FDD857743AC1A2E4D3B,朗癌钉惨衫是宿锻富皱,152,0
3B80683BDD5945DA9162075FCFEFD366,痔万玩勿郑斟碑乘门凸,124,0
3EB5B519160744CE8B8883698C61193E,早弗词回唾敷茬匙攒芬,118,0
400EE508DDA34427829492E7E9B5C213,帖箍免常返再从过薯京,190,0
444B207BD1B5448A82EA3F608DA8AA74,黎郎伙役蒜撬规弦埂绒,142,0
47E895E90F434F8FBDA9754DC6D02C77,麓摄紧岗栋弊氓础锁府,195,0
497D80E5338D4172AAFC268343C66778,屹检送怖忻蚊娇饺尿谰,117,0
4B7EEC4FEC6E432B9B856833F1522955,呵武谊六旬吊敷俗靳瘟,199,0
51925EADF64F44F6B1090BBD79DC3FE6,兴胡雄积瓶貌捍时格惑,140,0
51BDD0D33DBE4BCA81A83200490F635E,碧喝呼田苔矫暖块送登,175,0
539F338D75AA4D299157E997F978ECDE,埠解皋凉反酥惋卸楔夯,143,0
53E285BB97494799A7F63BFF583AD0B7,僳醋采樱然鹅瞅隧房坎,149,0
586DE1EFA8584A87B725B938315EA7DA,颠讫谦借滦衍缎茵毅蔓,128,0
5D932D88FC6B417484CA381A6A4FF157,翔嚼肮垄评灭故点膨协,147,0
5DA7454C1FA14D80A3202BE267D40DFE,很滁换童睁竣非认挖褥,173,0
6128D49527BB4D19A3D5705BEE8B3244,皇脚虱峨淘尸南谴栓后,146,0
61CDA46C7D5F4B5DB8473265007D7791,幼拜彬收万中浚裔庭特,103,0
633A88E2C61547C491DE67CE5A3368E8,授张壤疙鹿褥聘下躺绿,171,0
6556B19BF30446DBAAD8A3952022DBEA,挨折溅糯敖溺毯海绊洪,184,0
66D3A59FD1404C3EACF094036C1DDFE4,冷俩撇蚊劝陶匿迄媚苞,165,0
6F642763B723428C938AB37E072FBCEB,挂螺恤职抠枢扑羡屿佛,128,0
7832D9C7AA324B19B69C927CD4829631,粉沽旭别杯楼距辜党空,164,0
7F598D86E9374373BA9FA91F63BE84DF,托布跳欠挠办枯墓幢袄,184,0
82893112CA244F398925FBCED222F1B6,关温填宅沈隘皱伯薪悄,134,0
83A8A47DD93942519CF980630F30850D,尝钒芥长贸努藐阑峨褪,150,0
845D6F0BE1754E2D9445A132B911CEB9,乙耀苫渡地心乘民野淀,143,0
848B08742ECB4EA680FC33864BB30067,雍奸佃螟蜡质蚕娃拨嵌,129,0
84B03B6C0F384E57B0612E171944DEF8,勘除颧獭诲珠雅枕茂升,189,0
85679954055F4B0A8BF7A8636D0303DF,亮络长妻捣仁耸妈善岿,186,0
859907E1BA7040B097BD38AC0DC11CC5,云叛谐匹死碟汤供壁闸,183,0
86F7DCF3286946BF8FC073455DAABA80,韵洗驰雨痹脯辜官同塌,199,0
87D579FA732945AAA718B35ACCC4B32E,核狙帮队雁惺棘礼卉炉,179,0
88A0C0B5A7424849831D29893650C50D,浴臼础肘廉其列婶硬靠,183,0
8B9AF6D59C2A48EF81D4A54F8F44CF37,蕴翌怜沸购别纸匀崖城,118,0
8E3396ECB1534041AB57BCDCB538C9CC,疲邮面咯际弊镁膘刊须,197,0
8E6D6CEA260C4AF4AD074424F1D1E210,蒲箭脯玉帝悼检妓睫枷,108,0
9539468986524B19BF01BB858F744B3E,盒魔奸秃炙齿券吾岿憋,183,0
98454E76069642BDA3048D3514C6A472,焊处傍珐丸恐品峪项祸,194,0
9A453295EA0F46EBA9889E7BD1AE87EC,献烘疗稻篷抄洞眼尺福,150,0
9B1305955ECC4E9998A4BC414FD6BE71,观膛讯环高亦烈墙溢绚,185,0
9DC58809C1674120AEBFFD6ED3AA30EC,脾副勒咙燥雨克谬陶桥,100,0
A3BEACC829974CA8981B7340BB3E26E7,短岗氏词可寞劈帅戍殃,105,0
A4F90FCD152649829132016C4AD049BE,若认洞函奔陆邦搭素届,153,0
A5DD4860F53C421296875717D0721C5A,娜器宅孤贝肛批毅呢肇,166,0
ACDFDB8C122047E189B503C0B6577E04,辽命誊厘尹尘剑跃漓堰,133,0
AE0DBA6EECD448358D9614F182045DA7,盾冀等箔浴诈攒撼口镐,121,0
AFBB1A643D024805A3971317BF7ACFEC,捕徘芬阮裤槛易铃员免,197,0
B5A35810C53D415EBD2A94CF58A9BB46,骆淘尽噶痢械黑逝接择,155,0
B6806849E97B436C9E97DE3F714D391B,鼓梆唐我陨催惋颅惩崩,196,0
B879362721654D5F9513D0DE305477FA,谰索涩养沛定唉奸蕾哇,199,0
BA06450794CF45E287833E0202B91DF1,栅靡湛舍磅鄂捅廊仍矽,163,0
C198A19E37804C9BB91A2A07D1F1B254,未晋赁创袁莫翼堪怜押,121,0
C35F8DBA7DBB493B96D882E6DD18B227,涩蜒恋胀急免硝驰褥闻,159,0
C7BD2C9A90AF4C7D82ACF8AD21504B72,樱吓捌崭伞陛脆灿备耕,154,0
CB631DD8FDE7495A9CB3C6CDFC11FBA9,牡绪渊昔先梳灿擂程瓜,164,0
CC478610AABE4DA99D757806A6CE7709,昌垒陆躁果策爱雹迪捻,149,0
CCAFF5C9F2F84F6B877FF4AB63B5A306,物堑恭阉完票党响条适,164,0
CDE9188AD4644FA5B5771AEBFE57F94B,胺掉隆韩躬硬辛振涅戒,135,0
CE8EA9E2591A4DC9A85AA2C2FE6B2063,剐返背税咬侄屡浚摩嗓,184,0
D51DA13EBFD64836A87011CB06318A59,炮劳勉乔蝉倦搬佬唯拎,181,0
D710EC4058D84FD1B8AE56704ECD477F,簿绣盯柏富岩竖嗜武鳞,108,0
D7E1445E3FE64CC3B96FD6AC5475EAE5,奄枯忱柠桐惟摄犀芝馒,139,0
D9814A184F704C56933CE0B974DCE22A,弗车缕挟灰菲锣幅默椽,198,0
DF0124E0DA1447A0992E0A0CBABB68F2,java虚拟机,300,0
E149A1861F554595BD62FF2EA298ECAC,途落征爱猛雹术眼剑肉,132,0
E2DFA28E405C48F7A91A3C6781BCDC71,啃季欺傅察姓琵贷编休,164,0
E6769DBD47C9492E82E8329556FD5E90,驾猜液雌寡父缎鲤彼酸,130,0
E6AE35EAFDA849329819CD9E0E1A63E5,隘挺宝熏刨垮丈数宴恩,142,0
EB9CF9F1C428487BB9696F831132F2A1,疵奈郡从蛔隘陆茄劣终,189,0
ECDBC844B50446AF88719F36A3F77D10,光蔓颗彪窥履巨涕条造,195,0
F058CDB64DE746189645687F385021EA,璃贾糙匆嫁料苞衔凉雁,104,0
F17A69F7C2D44723BBE3E8F989361ECD,草毁上趣吱签日阁鸽淬,132,0
FB4BDF955F1345A4BE21753DD6AB6970,孵腥柱凋镣哼铱槛及饮,170,0
FB5F8231EAA647A6899FCA5CFEFBB8A7,懂妊掂澡辑弘凋煌禾沃,117,0
FC946AE84E1342D8AFF071C343D64B4D,禾儿己搂犁贤怯鳞程舅,112,0
FD18831AA6DB490A92EC37793DCD8FB9,哩惨媳巳芯斋瞬淆畏悬,167,0
FFF03BDD94F4461885BE35A601782694,押厢哉擒鹊尹疑洲尺薯,182,0
